,iter,Gene1,Gene2,Edge,Curvature,Response
0,0,CXCL10,UBD,CXCL10;UBD,0.08,1
1,0,CXCL10,GBP4,CXCL10;GBP4,-0.02,1
2,0,GBP4,UBE2L6,GBP4;UBE2L6,0.07,1
3,0,GBP4,BATF2,GBP4;BATF2,0.06,1
4,0,CXCL10,UBD,CXCL10;UBD,0.09,0
5,0,CXCL10,GBP4,CXCL10;GBP4,-0.02,0
6,0,GBP4,UBE2L6,GBP4;UBE2L6,0.08,0
7,0,GBP4,BATF2,GBP4;BATF2,0.04,0
8,1,CXCL10,UBD,CXCL10;UBD,0.08,1
9,1,CXCL10,GBP4,CXCL10;GBP4,-0.02,1
10,1,GBP4,UBE2L6,GBP4;UBE2L6,0.06,1
11,1,GBP4,BATF2,GBP4;BATF2,0.07,1
12,1,CXCL10,UBD,CXCL10;UBD,0.07,0
13,1,CXCL10,GBP4,CXCL10;GBP4,0.0,0
14,1,GBP4,UBE2L6,GBP4;UBE2L6,0.08,0
15,1,GBP4,BATF2,GBP4;BATF2,0.03,0
16,2,CXCL10,UBD,CXCL10;UBD,0.09,1
17,2,CXCL10,GBP4,CXCL10;GBP4,-0.02,1
18,2,GBP4,UBE2L6,GBP4;UBE2L6,0.06,1
19,2,GBP4,BATF2,GBP4;BATF2,0.07,1
20,2,CXCL10,UBD,CXCL10;UBD,0.08,0
21,2,CXCL10,GBP4,CXCL10;GBP4,-0.01,0
22,2,GBP4,UBE2L6,GBP4;UBE2L6,0.08,0
23,2,GBP4,BATF2,GBP4;BATF2,0.04,0
24,3,CXCL10,UBD,CXCL10;UBD,0.08,1
25,3,CXCL10,GBP4,CXCL10;GBP4,-0.02,1
26,3,GBP4,UBE2L6,GBP4;UBE2L6,0.07,1
27,3,GBP4,BATF2,GBP4;BATF2,0.07,1
28,3,CXCL10,UBD,CXCL10;UBD,0.08,0
29,3,CXCL10,GBP4,CXCL10;GBP4,-0.01,0
30,3,GBP4,UBE2L6,GBP4;UBE2L6,0.08,0
31,3,GBP4,BATF2,GBP4;BATF2,0.03,0
32,4,CXCL10,UBD,CXCL10;UBD,0.07,1
33,4,CXCL10,GBP4,CXCL10;GBP4,-0.01,1
34,4,GBP4,UBE2L6,GBP4;UBE2L6,0.05,1
35,4,GBP4,BATF2,GBP4;BATF2,0.08,1
36,4,CXCL10,UBD,CXCL10;UBD,0.08,0
37,4,CXCL10,GBP4,CXCL10;GBP4,-0.01,0
38,4,GBP4,UBE2L6,GBP4;UBE2L6,0.08,0
39,4,GBP4,BATF2,GBP4;BATF2,0.03,0
40,5,CXCL10,UBD,CXCL10;UBD,0.09,1
41,5,CXCL10,GBP4,CXCL10;GBP4,-0.03,1
42,5,GBP4,UBE2L6,GBP4;UBE2L6,0.06,1
43,5,GBP4,BATF2,GBP4;BATF2,0.07,1
44,5,CXCL10,UBD,CXCL10;UBD,0.09,0
45,5,CXCL10,GBP4,CXCL10;GBP4,-0.01,0
46,5,GBP4,UBE2L6,GBP4;UBE2L6,0.08,0
47,5,GBP4,BATF2,GBP4;BATF2,0.04,0
48,6,CXCL10,UBD,CXCL10;UBD,0.07,1
49,6,CXCL10,GBP4,CXCL10;GBP4,-0.01,1
50,6,GBP4,UBE2L6,GBP4;UBE2L6,0.05,1
51,6,GBP4,BATF2,GBP4;BATF2,0.08,1
52,6,CXCL10,UBD,CXCL10;UBD,0.09,0
53,6,CXCL10,GBP4,CXCL10;GBP4,-0.01,0
54,6,GBP4,UBE2L6,GBP4;UBE2L6,0.08,0
55,6,GBP4,BATF2,GBP4;BATF2,0.04,0
56,7,CXCL10,UBD,CXCL10;UBD,0.09,1
57,7,CXCL10,GBP4,CXCL10;GBP4,-0.02,1
58,7,GBP4,UBE2L6,GBP4;UBE2L6,0.05,1
59,7,GBP4,BATF2,GBP4;BATF2,0.07,1
60,7,CXCL10,UBD,CXCL10;UBD,0.08,0
61,7,CXCL10,GBP4,CXCL10;GBP4,-0.01,0
62,7,GBP4,UBE2L6,GBP4;UBE2L6,0.08,0
63,7,GBP4,BATF2,GBP4;BATF2,0.03,0
64,8,CXCL10,UBD,CXCL10;UBD,0.08,1
65,8,CXCL10,GBP4,CXCL10;GBP4,-0.01,1
66,8,GBP4,UBE2L6,GBP4;UBE2L6,0.06,1
67,8,GBP4,BATF2,GBP4;BATF2,0.07,1
68,8,CXCL10,UBD,CXCL10;UBD,0.08,0
69,8,CXCL10,GBP4,CXCL10;GBP4,-0.01,0
70,8,GBP4,UBE2L6,GBP4;UBE2L6,0.08,0
71,8,GBP4,BATF2,GBP4;BATF2,0.03,0
72,9,CXCL10,UBD,CXCL10;UBD,0.08,1
73,9,CXCL10,GBP4,CXCL10;GBP4,-0.02,1
74,9,GBP4,UBE2L6,GBP4;UBE2L6,0.06,1
75,9,GBP4,BATF2,GBP4;BATF2,0.07,1
76,9,CXCL10,UBD,CXCL10;UBD,0.08,0
77,9,CXCL10,GBP4,CXCL10;GBP4,-0.01,0
78,9,GBP4,UBE2L6,GBP4;UBE2L6,0.07,0
79,9,GBP4,BATF2,GBP4;BATF2,0.05,0
80,10,CXCL10,UBD,CXCL10;UBD,0.08,1
81,10,CXCL10,GBP4,CXCL10;GBP4,-0.02,1
82,10,GBP4,UBE2L6,GBP4;UBE2L6,0.06,1
83,10,GBP4,BATF2,GBP4;BATF2,0.07,1
84,10,CXCL10,UBD,CXCL10;UBD,0.07,0
85,10,CXCL10,GBP4,CXCL10;GBP4,-0.01,0
86,10,GBP4,UBE2L6,GBP4;UBE2L6,0.08,0
87,10,GBP4,BATF2,GBP4;BATF2,0.04,0
88,11,CXCL10,UBD,CXCL10;UBD,0.09,1
89,11,CXCL10,GBP4,CXCL10;GBP4,-0.02,1
90,11,GBP4,UBE2L6,GBP4;UBE2L6,0.06,1
91,11,GBP4,BATF2,GBP4;BATF2,0.07,1
92,11,CXCL10,UBD,CXCL10;UBD,0.08,0
93,11,CXCL10,GBP4,CXCL10;GBP4,-0.01,0
94,11,GBP4,UBE2L6,GBP4;UBE2L6,0.08,0
95,11,GBP4,BATF2,GBP4;BATF2,0.03,0
96,12,CXCL10,UBD,CXCL10;UBD,0.07,1
97,12,CXCL10,GBP4,CXCL10;GBP4,-0.01,1
98,12,GBP4,UBE2L6,GBP4;UBE2L6,0.06,1
99,12,GBP4,BATF2,GBP4;BATF2,0.08,1
100,12,CXCL10,UBD,CXCL10;UBD,0.09,0
101,12,CXCL10,GBP4,CXCL10;GBP4,-0.01,0
102,12,GBP4,UBE2L6,GBP4;UBE2L6,0.09,0
103,12,GBP4,BATF2,GBP4;BATF2,-0.0,0
104,13,CXCL10,UBD,CXCL10;UBD,0.09,1
105,13,CXCL10,GBP4,CXCL10;GBP4,-0.02,1
106,13,GBP4,UBE2L6,GBP4;UBE2L6,0.07,1
107,13,GBP4,BATF2,GBP4;BATF2,0.06,1
108,13,CXCL10,UBD,CXCL10;UBD,0.08,0
109,13,CXCL10,GBP4,CXCL10;GBP4,-0.01,0
110,13,GBP4,UBE2L6,GBP4;UBE2L6,0.08,0
111,13,GBP4,BATF2,GBP4;BATF2,0.04,0
112,14,CXCL10,UBD,CXCL10;UBD,0.07,1
113,14,CXCL10,GBP4,CXCL10;GBP4,-0.0,1
114,14,GBP4,UBE2L6,GBP4;UBE2L6,0.05,1
115,14,GBP4,BATF2,GBP4;BATF2,0.07,1
116,14,CXCL10,UBD,CXCL10;UBD,0.09,0
117,14,CXCL10,GBP4,CXCL10;GBP4,-0.02,0
118,14,GBP4,UBE2L6,GBP4;UBE2L6,0.08,0
119,14,GBP4,BATF2,GBP4;BATF2,0.05,0
120,15,CXCL10,UBD,CXCL10;UBD,0.09,1
121,15,CXCL10,GBP4,CXCL10;GBP4,-0.02,1
122,15,GBP4,UBE2L6,GBP4;UBE2L6,0.05,1
123,15,GBP4,BATF2,GBP4;BATF2,0.07,1
124,15,CXCL10,UBD,CXCL10;UBD,0.06,0
125,15,CXCL10,GBP4,CXCL10;GBP4,0.01,0
126,15,GBP4,UBE2L6,GBP4;UBE2L6,0.08,0
127,15,GBP4,BATF2,GBP4;BATF2,0.02,0
128,16,CXCL10,UBD,CXCL10;UBD,0.08,1
129,16,CXCL10,GBP4,CXCL10;GBP4,-0.02,1
130,16,GBP4,UBE2L6,GBP4;UBE2L6,0.05,1
131,16,GBP4,BATF2,GBP4;BATF2,0.08,1
132,16,CXCL10,UBD,CXCL10;UBD,0.08,0
133,16,CXCL10,GBP4,CXCL10;GBP4,-0.01,0
134,16,GBP4,UBE2L6,GBP4;UBE2L6,0.08,0
135,16,GBP4,BATF2,GBP4;BATF2,0.02,0
136,17,CXCL10,UBD,CXCL10;UBD,0.06,1
137,17,CXCL10,GBP4,CXCL10;GBP4,-0.0,1
138,17,GBP4,UBE2L6,GBP4;UBE2L6,0.05,1
139,17,GBP4,BATF2,GBP4;BATF2,0.08,1
140,17,CXCL10,UBD,CXCL10;UBD,0.08,0
141,17,CXCL10,GBP4,CXCL10;GBP4,-0.01,0
142,17,GBP4,UBE2L6,GBP4;UBE2L6,0.08,0
143,17,GBP4,BATF2,GBP4;BATF2,0.03,0
144,18,CXCL10,UBD,CXCL10;UBD,0.08,1
145,18,CXCL10,GBP4,CXCL10;GBP4,-0.02,1
146,18,GBP4,UBE2L6,GBP4;UBE2L6,0.06,1
147,18,GBP4,BATF2,GBP4;BATF2,0.07,1
148,18,CXCL10,UBD,CXCL10;UBD,0.09,0
149,18,CXCL10,GBP4,CXCL10;GBP4,-0.01,0
150,18,GBP4,UBE2L6,GBP4;UBE2L6,0.08,0
151,18,GBP4,BATF2,GBP4;BATF2,0.04,0
152,19,CXCL10,UBD,CXCL10;UBD,0.07,1
153,19,CXCL10,GBP4,CXCL10;GBP4,-0.01,1
154,19,GBP4,UBE2L6,GBP4;UBE2L6,0.06,1
155,19,GBP4,BATF2,GBP4;BATF2,0.08,1
156,19,CXCL10,UBD,CXCL10;UBD,0.07,0
157,19,CXCL10,GBP4,CXCL10;GBP4,0.0,0
158,19,GBP4,UBE2L6,GBP4;UBE2L6,0.08,0
159,19,GBP4,BATF2,GBP4;BATF2,0.01,0
160,20,CXCL10,UBD,CXCL10;UBD,0.08,1
161,20,CXCL10,GBP4,CXCL10;GBP4,-0.02,1
162,20,GBP4,UBE2L6,GBP4;UBE2L6,0.06,1
163,20,GBP4,BATF2,GBP4;BATF2,0.07,1
164,20,CXCL10,UBD,CXCL10;UBD,0.07,0
165,20,CXCL10,GBP4,CXCL10;GBP4,-0.0,0
166,20,GBP4,UBE2L6,GBP4;UBE2L6,0.08,0
167,20,GBP4,BATF2,GBP4;BATF2,0.03,0
168,21,CXCL10,UBD,CXCL10;UBD,0.07,1
169,21,CXCL10,GBP4,CXCL10;GBP4,-0.02,1
170,21,GBP4,UBE2L6,GBP4;UBE2L6,0.05,1
171,21,GBP4,BATF2,GBP4;BATF2,0.09,1
172,21,CXCL10,UBD,CXCL10;UBD,0.08,0
173,21,CXCL10,GBP4,CXCL10;GBP4,-0.0,0
174,21,GBP4,UBE2L6,GBP4;UBE2L6,0.08,0
175,21,GBP4,BATF2,GBP4;BATF2,0.02,0
176,22,CXCL10,UBD,CXCL10;UBD,0.07,1
177,22,CXCL10,GBP4,CXCL10;GBP4,-0.01,1
178,22,GBP4,UBE2L6,GBP4;UBE2L6,0.06,1
179,22,GBP4,BATF2,GBP4;BATF2,0.07,1
180,22,CXCL10,UBD,CXCL10;UBD,0.08,0
181,22,CXCL10,GBP4,CXCL10;GBP4,-0.0,0
182,22,GBP4,UBE2L6,GBP4;UBE2L6,0.08,0
183,22,GBP4,BATF2,GBP4;BATF2,0.03,0
184,23,CXCL10,UBD,CXCL10;UBD,0.09,1
185,23,CXCL10,GBP4,CXCL10;GBP4,-0.03,1
186,23,GBP4,UBE2L6,GBP4;UBE2L6,0.07,1
187,23,GBP4,BATF2,GBP4;BATF2,0.07,1
188,23,CXCL10,UBD,CXCL10;UBD,0.09,0
189,23,CXCL10,GBP4,CXCL10;GBP4,-0.02,0
190,23,GBP4,UBE2L6,GBP4;UBE2L6,0.08,0
191,23,GBP4,BATF2,GBP4;BATF2,0.05,0
192,24,CXCL10,UBD,CXCL10;UBD,0.08,1
193,24,CXCL10,GBP4,CXCL10;GBP4,-0.02,1
194,24,GBP4,UBE2L6,GBP4;UBE2L6,0.07,1
195,24,GBP4,BATF2,GBP4;BATF2,0.07,1
196,24,CXCL10,UBD,CXCL10;UBD,0.09,0
197,24,CXCL10,GBP4,CXCL10;GBP4,-0.02,0
198,24,GBP4,UBE2L6,GBP4;UBE2L6,0.09,0
199,24,GBP4,BATF2,GBP4;BATF2,0.03,0
200,25,CXCL10,UBD,CXCL10;UBD,0.09,1
201,25,CXCL10,GBP4,CXCL10;GBP4,-0.03,1
202,25,GBP4,UBE2L6,GBP4;UBE2L6,0.06,1
203,25,GBP4,BATF2,GBP4;BATF2,0.08,1
204,25,CXCL10,UBD,CXCL10;UBD,0.08,0
205,25,CXCL10,GBP4,CXCL10;GBP4,-0.0,0
206,25,GBP4,UBE2L6,GBP4;UBE2L6,0.08,0
207,25,GBP4,BATF2,GBP4;BATF2,0.02,0
208,26,CXCL10,UBD,CXCL10;UBD,0.08,1
209,26,CXCL10,GBP4,CXCL10;GBP4,-0.02,1
210,26,GBP4,UBE2L6,GBP4;UBE2L6,0.07,1
211,26,GBP4,BATF2,GBP4;BATF2,0.07,1
212,26,CXCL10,UBD,CXCL10;UBD,0.08,0
213,26,CXCL10,GBP4,CXCL10;GBP4,-0.0,0
214,26,GBP4,UBE2L6,GBP4;UBE2L6,0.08,0
215,26,GBP4,BATF2,GBP4;BATF2,0.03,0
216,27,CXCL10,UBD,CXCL10;UBD,0.09,1
217,27,CXCL10,GBP4,CXCL10;GBP4,-0.02,1
218,27,GBP4,UBE2L6,GBP4;UBE2L6,0.07,1
219,27,GBP4,BATF2,GBP4;BATF2,0.07,1
220,27,CXCL10,UBD,CXCL10;UBD,0.09,0
221,27,CXCL10,GBP4,CXCL10;GBP4,-0.02,0
222,27,GBP4,UBE2L6,GBP4;UBE2L6,0.08,0
223,27,GBP4,BATF2,GBP4;BATF2,0.04,0
224,28,CXCL10,UBD,CXCL10;UBD,0.08,1
225,28,CXCL10,GBP4,CXCL10;GBP4,-0.01,1
226,28,GBP4,UBE2L6,GBP4;UBE2L6,0.06,1
227,28,GBP4,BATF2,GBP4;BATF2,0.07,1
228,28,CXCL10,UBD,CXCL10;UBD,0.08,0
229,28,CXCL10,GBP4,CXCL10;GBP4,-0.02,0
230,28,GBP4,UBE2L6,GBP4;UBE2L6,0.07,0
231,28,GBP4,BATF2,GBP4;BATF2,0.06,0
232,29,CXCL10,UBD,CXCL10;UBD,0.08,1
233,29,CXCL10,GBP4,CXCL10;GBP4,-0.01,1
234,29,GBP4,UBE2L6,GBP4;UBE2L6,0.05,1
235,29,GBP4,BATF2,GBP4;BATF2,0.08,1
236,29,CXCL10,UBD,CXCL10;UBD,0.1,0
237,29,CXCL10,GBP4,CXCL10;GBP4,-0.03,0
238,29,GBP4,UBE2L6,GBP4;UBE2L6,0.07,0
239,29,GBP4,BATF2,GBP4;BATF2,0.06,0
240,30,CXCL10,UBD,CXCL10;UBD,0.08,1
241,30,CXCL10,GBP4,CXCL10;GBP4,-0.01,1
242,30,GBP4,UBE2L6,GBP4;UBE2L6,0.07,1
243,30,GBP4,BATF2,GBP4;BATF2,0.07,1
244,30,CXCL10,UBD,CXCL10;UBD,0.09,0
245,30,CXCL10,GBP4,CXCL10;GBP4,-0.01,0
246,30,GBP4,UBE2L6,GBP4;UBE2L6,0.08,0
247,30,GBP4,BATF2,GBP4;BATF2,0.03,0
248,31,CXCL10,UBD,CXCL10;UBD,0.08,1
249,31,CXCL10,GBP4,CXCL10;GBP4,-0.02,1
250,31,GBP4,UBE2L6,GBP4;UBE2L6,0.06,1
251,31,GBP4,BATF2,GBP4;BATF2,0.07,1
252,31,CXCL10,UBD,CXCL10;UBD,0.08,0
253,31,CXCL10,GBP4,CXCL10;GBP4,0.0,0
254,31,GBP4,UBE2L6,GBP4;UBE2L6,0.07,0
255,31,GBP4,BATF2,GBP4;BATF2,0.04,0
256,32,CXCL10,UBD,CXCL10;UBD,0.09,1
257,32,CXCL10,GBP4,CXCL10;GBP4,-0.02,1
258,32,GBP4,UBE2L6,GBP4;UBE2L6,0.06,1
259,32,GBP4,BATF2,GBP4;BATF2,0.08,1
260,32,CXCL10,UBD,CXCL10;UBD,0.1,0
261,32,CXCL10,GBP4,CXCL10;GBP4,-0.03,0
262,32,GBP4,UBE2L6,GBP4;UBE2L6,0.08,0
263,32,GBP4,BATF2,GBP4;BATF2,0.03,0
264,33,CXCL10,UBD,CXCL10;UBD,0.08,1
265,33,CXCL10,GBP4,CXCL10;GBP4,-0.01,1
266,33,GBP4,UBE2L6,GBP4;UBE2L6,0.05,1
267,33,GBP4,BATF2,GBP4;BATF2,0.08,1
268,33,CXCL10,UBD,CXCL10;UBD,0.08,0
269,33,CXCL10,GBP4,CXCL10;GBP4,-0.01,0
270,33,GBP4,UBE2L6,GBP4;UBE2L6,0.08,0
271,33,GBP4,BATF2,GBP4;BATF2,0.04,0
272,34,CXCL10,UBD,CXCL10;UBD,0.09,1
273,34,CXCL10,GBP4,CXCL10;GBP4,-0.02,1
274,34,GBP4,UBE2L6,GBP4;UBE2L6,0.06,1
275,34,GBP4,BATF2,GBP4;BATF2,0.07,1
276,34,CXCL10,UBD,CXCL10;UBD,0.08,0
277,34,CXCL10,GBP4,CXCL10;GBP4,-0.01,0
278,34,GBP4,UBE2L6,GBP4;UBE2L6,0.07,0
279,34,GBP4,BATF2,GBP4;BATF2,0.05,0
280,35,CXCL10,UBD,CXCL10;UBD,0.08,1
281,35,CXCL10,GBP4,CXCL10;GBP4,-0.02,1
282,35,GBP4,UBE2L6,GBP4;UBE2L6,0.06,1
283,35,GBP4,BATF2,GBP4;BATF2,0.07,1
284,35,CXCL10,UBD,CXCL10;UBD,0.08,0
285,35,CXCL10,GBP4,CXCL10;GBP4,-0.0,0
286,35,GBP4,UBE2L6,GBP4;UBE2L6,0.08,0
287,35,GBP4,BATF2,GBP4;BATF2,0.02,0
288,36,CXCL10,UBD,CXCL10;UBD,0.09,1
289,36,CXCL10,GBP4,CXCL10;GBP4,-0.03,1
290,36,GBP4,UBE2L6,GBP4;UBE2L6,0.06,1
291,36,GBP4,BATF2,GBP4;BATF2,0.08,1
292,36,CXCL10,UBD,CXCL10;UBD,0.08,0
293,36,CXCL10,GBP4,CXCL10;GBP4,-0.01,0
294,36,GBP4,UBE2L6,GBP4;UBE2L6,0.08,0
295,36,GBP4,BATF2,GBP4;BATF2,0.02,0
296,37,CXCL10,UBD,CXCL10;UBD,0.09,1
297,37,CXCL10,GBP4,CXCL10;GBP4,-0.02,1
298,37,GBP4,UBE2L6,GBP4;UBE2L6,0.07,1
299,37,GBP4,BATF2,GBP4;BATF2,0.07,1
300,37,CXCL10,UBD,CXCL10;UBD,0.09,0
301,37,CXCL10,GBP4,CXCL10;GBP4,-0.01,0
302,37,GBP4,UBE2L6,GBP4;UBE2L6,0.08,0
303,37,GBP4,BATF2,GBP4;BATF2,0.01,0
304,38,CXCL10,UBD,CXCL10;UBD,0.08,1
305,38,CXCL10,GBP4,CXCL10;GBP4,-0.02,1
306,38,GBP4,UBE2L6,GBP4;UBE2L6,0.06,1
307,38,GBP4,BATF2,GBP4;BATF2,0.08,1
308,38,CXCL10,UBD,CXCL10;UBD,0.08,0
309,38,CXCL10,GBP4,CXCL10;GBP4,0.0,0
310,38,GBP4,UBE2L6,GBP4;UBE2L6,0.08,0
311,38,GBP4,BATF2,GBP4;BATF2,0.02,0
312,39,CXCL10,UBD,CXCL10;UBD,0.05,1
313,39,CXCL10,GBP4,CXCL10;GBP4,0.0,1
314,39,GBP4,UBE2L6,GBP4;UBE2L6,0.02,1
315,39,GBP4,BATF2,GBP4;BATF2,0.09,1
316,39,CXCL10,UBD,CXCL10;UBD,0.07,0
317,39,CXCL10,GBP4,CXCL10;GBP4,-0.01,0
318,39,GBP4,UBE2L6,GBP4;UBE2L6,0.08,0
319,39,GBP4,BATF2,GBP4;BATF2,0.05,0
320,40,CXCL10,UBD,CXCL10;UBD,0.08,1
321,40,CXCL10,GBP4,CXCL10;GBP4,-0.01,1
322,40,GBP4,UBE2L6,GBP4;UBE2L6,0.06,1
323,40,GBP4,BATF2,GBP4;BATF2,0.07,1
324,40,CXCL10,UBD,CXCL10;UBD,0.08,0
325,40,CXCL10,GBP4,CXCL10;GBP4,-0.01,0
326,40,GBP4,UBE2L6,GBP4;UBE2L6,0.08,0
327,40,GBP4,BATF2,GBP4;BATF2,0.04,0
328,41,CXCL10,UBD,CXCL10;UBD,0.08,1
329,41,CXCL10,GBP4,CXCL10;GBP4,-0.01,1
330,41,GBP4,UBE2L6,GBP4;UBE2L6,0.06,1
331,41,GBP4,BATF2,GBP4;BATF2,0.07,1
332,41,CXCL10,UBD,CXCL10;UBD,0.08,0
333,41,CXCL10,GBP4,CXCL10;GBP4,-0.0,0
334,41,GBP4,UBE2L6,GBP4;UBE2L6,0.08,0
335,41,GBP4,BATF2,GBP4;BATF2,0.03,0
336,42,CXCL10,UBD,CXCL10;UBD,0.09,1
337,42,CXCL10,GBP4,CXCL10;GBP4,-0.02,1
338,42,GBP4,UBE2L6,GBP4;UBE2L6,0.06,1
339,42,GBP4,BATF2,GBP4;BATF2,0.07,1
340,42,CXCL10,UBD,CXCL10;UBD,0.1,0
341,42,CXCL10,GBP4,CXCL10;GBP4,-0.03,0
342,42,GBP4,UBE2L6,GBP4;UBE2L6,0.07,0
343,42,GBP4,BATF2,GBP4;BATF2,0.06,0
344,43,CXCL10,UBD,CXCL10;UBD,0.08,1
345,43,CXCL10,GBP4,CXCL10;GBP4,-0.02,1
346,43,GBP4,UBE2L6,GBP4;UBE2L6,0.06,1
347,43,GBP4,BATF2,GBP4;BATF2,0.07,1
348,43,CXCL10,UBD,CXCL10;UBD,0.07,0
349,43,CXCL10,GBP4,CXCL10;GBP4,-0.0,0
350,43,GBP4,UBE2L6,GBP4;UBE2L6,0.08,0
351,43,GBP4,BATF2,GBP4;BATF2,0.03,0
352,44,CXCL10,UBD,CXCL10;UBD,0.09,1
353,44,CXCL10,GBP4,CXCL10;GBP4,-0.02,1
354,44,GBP4,UBE2L6,GBP4;UBE2L6,0.06,1
355,44,GBP4,BATF2,GBP4;BATF2,0.07,1
356,44,CXCL10,UBD,CXCL10;UBD,0.08,0
357,44,CXCL10,GBP4,CXCL10;GBP4,-0.01,0
358,44,GBP4,UBE2L6,GBP4;UBE2L6,0.07,0
359,44,GBP4,BATF2,GBP4;BATF2,0.06,0
360,45,CXCL10,UBD,CXCL10;UBD,0.09,1
361,45,CXCL10,GBP4,CXCL10;GBP4,-0.02,1
362,45,GBP4,UBE2L6,GBP4;UBE2L6,0.05,1
363,45,GBP4,BATF2,GBP4;BATF2,0.08,1
364,45,CXCL10,UBD,CXCL10;UBD,0.09,0
365,45,CXCL10,GBP4,CXCL10;GBP4,-0.01,0
366,45,GBP4,UBE2L6,GBP4;UBE2L6,0.08,0
367,45,GBP4,BATF2,GBP4;BATF2,0.03,0
368,46,CXCL10,UBD,CXCL10;UBD,0.07,1
369,46,CXCL10,GBP4,CXCL10;GBP4,-0.01,1
370,46,GBP4,UBE2L6,GBP4;UBE2L6,0.05,1
371,46,GBP4,BATF2,GBP4;BATF2,0.08,1
372,46,CXCL10,UBD,CXCL10;UBD,0.09,0
373,46,CXCL10,GBP4,CXCL10;GBP4,-0.01,0
374,46,GBP4,UBE2L6,GBP4;UBE2L6,0.08,0
375,46,GBP4,BATF2,GBP4;BATF2,0.03,0
376,47,CXCL10,UBD,CXCL10;UBD,0.08,1
377,47,CXCL10,GBP4,CXCL10;GBP4,-0.01,1
378,47,GBP4,UBE2L6,GBP4;UBE2L6,0.06,1
379,47,GBP4,BATF2,GBP4;BATF2,0.07,1
380,47,CXCL10,UBD,CXCL10;UBD,0.09,0
381,47,CXCL10,GBP4,CXCL10;GBP4,-0.01,0
382,47,GBP4,UBE2L6,GBP4;UBE2L6,0.08,0
383,47,GBP4,BATF2,GBP4;BATF2,0.02,0
384,48,CXCL10,UBD,CXCL10;UBD,0.06,1
385,48,CXCL10,GBP4,CXCL10;GBP4,0.01,1
386,48,GBP4,UBE2L6,GBP4;UBE2L6,0.05,1
387,48,GBP4,BATF2,GBP4;BATF2,0.07,1
388,48,CXCL10,UBD,CXCL10;UBD,0.09,0
389,48,CXCL10,GBP4,CXCL10;GBP4,-0.01,0
390,48,GBP4,UBE2L6,GBP4;UBE2L6,0.09,0
391,48,GBP4,BATF2,GBP4;BATF2,0.02,0
392,49,CXCL10,UBD,CXCL10;UBD,0.08,1
393,49,CXCL10,GBP4,CXCL10;GBP4,-0.01,1
394,49,GBP4,UBE2L6,GBP4;UBE2L6,0.06,1
395,49,GBP4,BATF2,GBP4;BATF2,0.07,1
396,49,CXCL10,UBD,CXCL10;UBD,0.09,0
397,49,CXCL10,GBP4,CXCL10;GBP4,-0.01,0
398,49,GBP4,UBE2L6,GBP4;UBE2L6,0.09,0
399,49,GBP4,BATF2,GBP4;BATF2,0.02,0
400,50,CXCL10,UBD,CXCL10;UBD,0.1,1
401,50,CXCL10,GBP4,CXCL10;GBP4,-0.03,1
402,50,GBP4,UBE2L6,GBP4;UBE2L6,0.07,1
403,50,GBP4,BATF2,GBP4;BATF2,0.07,1
404,50,CXCL10,UBD,CXCL10;UBD,0.09,0
405,50,CXCL10,GBP4,CXCL10;GBP4,-0.02,0
406,50,GBP4,UBE2L6,GBP4;UBE2L6,0.09,0
407,50,GBP4,BATF2,GBP4;BATF2,0.02,0
408,51,CXCL10,UBD,CXCL10;UBD,0.09,1
409,51,CXCL10,GBP4,CXCL10;GBP4,-0.02,1
410,51,GBP4,UBE2L6,GBP4;UBE2L6,0.07,1
411,51,GBP4,BATF2,GBP4;BATF2,0.07,1
412,51,CXCL10,UBD,CXCL10;UBD,0.09,0
413,51,CXCL10,GBP4,CXCL10;GBP4,-0.02,0
414,51,GBP4,UBE2L6,GBP4;UBE2L6,0.08,0
415,51,GBP4,BATF2,GBP4;BATF2,0.04,0
416,52,CXCL10,UBD,CXCL10;UBD,0.08,1
417,52,CXCL10,GBP4,CXCL10;GBP4,-0.02,1
418,52,GBP4,UBE2L6,GBP4;UBE2L6,0.06,1
419,52,GBP4,BATF2,GBP4;BATF2,0.07,1
420,52,CXCL10,UBD,CXCL10;UBD,0.09,0
421,52,CXCL10,GBP4,CXCL10;GBP4,-0.03,0
422,52,GBP4,UBE2L6,GBP4;UBE2L6,0.08,0
423,52,GBP4,BATF2,GBP4;BATF2,0.06,0
424,53,CXCL10,UBD,CXCL10;UBD,0.1,1
425,53,CXCL10,GBP4,CXCL10;GBP4,-0.03,1
426,53,GBP4,UBE2L6,GBP4;UBE2L6,0.05,1
427,53,GBP4,BATF2,GBP4;BATF2,0.07,1
428,53,CXCL10,UBD,CXCL10;UBD,0.08,0
429,53,CXCL10,GBP4,CXCL10;GBP4,-0.01,0
430,53,GBP4,UBE2L6,GBP4;UBE2L6,0.08,0
431,53,GBP4,BATF2,GBP4;BATF2,0.04,0
432,54,CXCL10,UBD,CXCL10;UBD,0.08,1
433,54,CXCL10,GBP4,CXCL10;GBP4,-0.02,1
434,54,GBP4,UBE2L6,GBP4;UBE2L6,0.06,1
435,54,GBP4,BATF2,GBP4;BATF2,0.08,1
436,54,CXCL10,UBD,CXCL10;UBD,0.08,0
437,54,CXCL10,GBP4,CXCL10;GBP4,-0.01,0
438,54,GBP4,UBE2L6,GBP4;UBE2L6,0.08,0
439,54,GBP4,BATF2,GBP4;BATF2,0.04,0
440,55,CXCL10,UBD,CXCL10;UBD,0.08,1
441,55,CXCL10,GBP4,CXCL10;GBP4,-0.01,1
442,55,GBP4,UBE2L6,GBP4;UBE2L6,0.06,1
443,55,GBP4,BATF2,GBP4;BATF2,0.07,1
444,55,CXCL10,UBD,CXCL10;UBD,0.07,0
445,55,CXCL10,GBP4,CXCL10;GBP4,0.0,0
446,55,GBP4,UBE2L6,GBP4;UBE2L6,0.08,0
447,55,GBP4,BATF2,GBP4;BATF2,0.03,0
448,56,CXCL10,UBD,CXCL10;UBD,0.09,1
449,56,CXCL10,GBP4,CXCL10;GBP4,-0.03,1
450,56,GBP4,UBE2L6,GBP4;UBE2L6,0.07,1
451,56,GBP4,BATF2,GBP4;BATF2,0.07,1
452,56,CXCL10,UBD,CXCL10;UBD,0.08,0
453,56,CXCL10,GBP4,CXCL10;GBP4,-0.01,0
454,56,GBP4,UBE2L6,GBP4;UBE2L6,0.08,0
455,56,GBP4,BATF2,GBP4;BATF2,0.04,0
456,57,CXCL10,UBD,CXCL10;UBD,0.08,1
457,57,CXCL10,GBP4,CXCL10;GBP4,-0.02,1
458,57,GBP4,UBE2L6,GBP4;UBE2L6,0.07,1
459,57,GBP4,BATF2,GBP4;BATF2,0.07,1
460,57,CXCL10,UBD,CXCL10;UBD,0.1,0
461,57,CXCL10,GBP4,CXCL10;GBP4,-0.04,0
462,57,GBP4,UBE2L6,GBP4;UBE2L6,0.08,0
463,57,GBP4,BATF2,GBP4;BATF2,0.05,0
464,58,CXCL10,UBD,CXCL10;UBD,0.08,1
465,58,CXCL10,GBP4,CXCL10;GBP4,-0.02,1
466,58,GBP4,UBE2L6,GBP4;UBE2L6,0.05,1
467,58,GBP4,BATF2,GBP4;BATF2,0.08,1
468,58,CXCL10,UBD,CXCL10;UBD,0.06,0
469,58,CXCL10,GBP4,CXCL10;GBP4,0.01,0
470,58,GBP4,UBE2L6,GBP4;UBE2L6,0.08,0
471,58,GBP4,BATF2,GBP4;BATF2,0.02,0
472,59,CXCL10,UBD,CXCL10;UBD,0.08,1
473,59,CXCL10,GBP4,CXCL10;GBP4,-0.01,1
474,59,GBP4,UBE2L6,GBP4;UBE2L6,0.05,1
475,59,GBP4,BATF2,GBP4;BATF2,0.07,1
476,59,CXCL10,UBD,CXCL10;UBD,0.09,0
477,59,CXCL10,GBP4,CXCL10;GBP4,-0.01,0
478,59,GBP4,UBE2L6,GBP4;UBE2L6,0.08,0
479,59,GBP4,BATF2,GBP4;BATF2,0.04,0
480,60,CXCL10,UBD,CXCL10;UBD,0.08,1
481,60,CXCL10,GBP4,CXCL10;GBP4,-0.01,1
482,60,GBP4,UBE2L6,GBP4;UBE2L6,0.06,1
483,60,GBP4,BATF2,GBP4;BATF2,0.07,1
484,60,CXCL10,UBD,CXCL10;UBD,0.06,0
485,60,CXCL10,GBP4,CXCL10;GBP4,0.01,0
486,60,GBP4,UBE2L6,GBP4;UBE2L6,0.08,0
487,60,GBP4,BATF2,GBP4;BATF2,0.02,0
488,61,CXCL10,UBD,CXCL10;UBD,0.08,1
489,61,CXCL10,GBP4,CXCL10;GBP4,-0.02,1
490,61,GBP4,UBE2L6,GBP4;UBE2L6,0.06,1
491,61,GBP4,BATF2,GBP4;BATF2,0.07,1
492,61,CXCL10,UBD,CXCL10;UBD,0.08,0
493,61,CXCL10,GBP4,CXCL10;GBP4,-0.01,0
494,61,GBP4,UBE2L6,GBP4;UBE2L6,0.08,0
495,61,GBP4,BATF2,GBP4;BATF2,0.02,0
496,62,CXCL10,UBD,CXCL10;UBD,0.08,1
497,62,CXCL10,GBP4,CXCL10;GBP4,-0.02,1
498,62,GBP4,UBE2L6,GBP4;UBE2L6,0.06,1
499,62,GBP4,BATF2,GBP4;BATF2,0.07,1
500,62,CXCL10,UBD,CXCL10;UBD,0.09,0
501,62,CXCL10,GBP4,CXCL10;GBP4,-0.01,0
502,62,GBP4,UBE2L6,GBP4;UBE2L6,0.09,0
503,62,GBP4,BATF2,GBP4;BATF2,0.02,0
504,63,CXCL10,UBD,CXCL10;UBD,0.08,1
505,63,CXCL10,GBP4,CXCL10;GBP4,-0.02,1
506,63,GBP4,UBE2L6,GBP4;UBE2L6,0.06,1
507,63,GBP4,BATF2,GBP4;BATF2,0.07,1
508,63,CXCL10,UBD,CXCL10;UBD,0.09,0
509,63,CXCL10,GBP4,CXCL10;GBP4,-0.01,0
510,63,GBP4,UBE2L6,GBP4;UBE2L6,0.08,0
511,63,GBP4,BATF2,GBP4;BATF2,0.03,0
512,64,CXCL10,UBD,CXCL10;UBD,0.09,1
513,64,CXCL10,GBP4,CXCL10;GBP4,-0.03,1
514,64,GBP4,UBE2L6,GBP4;UBE2L6,0.07,1
515,64,GBP4,BATF2,GBP4;BATF2,0.06,1
516,64,CXCL10,UBD,CXCL10;UBD,0.09,0
517,64,CXCL10,GBP4,CXCL10;GBP4,-0.02,0
518,64,GBP4,UBE2L6,GBP4;UBE2L6,0.08,0
519,64,GBP4,BATF2,GBP4;BATF2,0.04,0
520,65,CXCL10,UBD,CXCL10;UBD,0.08,1
521,65,CXCL10,GBP4,CXCL10;GBP4,-0.02,1
522,65,GBP4,UBE2L6,GBP4;UBE2L6,0.06,1
523,65,GBP4,BATF2,GBP4;BATF2,0.07,1
524,65,CXCL10,UBD,CXCL10;UBD,0.1,0
525,65,CXCL10,GBP4,CXCL10;GBP4,-0.04,0
526,65,GBP4,UBE2L6,GBP4;UBE2L6,0.07,0
527,65,GBP4,BATF2,GBP4;BATF2,0.07,0
528,66,CXCL10,UBD,CXCL10;UBD,0.08,1
529,66,CXCL10,GBP4,CXCL10;GBP4,-0.02,1
530,66,GBP4,UBE2L6,GBP4;UBE2L6,0.06,1
531,66,GBP4,BATF2,GBP4;BATF2,0.08,1
532,66,CXCL10,UBD,CXCL10;UBD,0.08,0
533,66,CXCL10,GBP4,CXCL10;GBP4,-0.01,0
534,66,GBP4,UBE2L6,GBP4;UBE2L6,0.08,0
535,66,GBP4,BATF2,GBP4;BATF2,0.05,0
536,67,CXCL10,UBD,CXCL10;UBD,0.08,1
537,67,CXCL10,GBP4,CXCL10;GBP4,-0.01,1
538,67,GBP4,UBE2L6,GBP4;UBE2L6,0.05,1
539,67,GBP4,BATF2,GBP4;BATF2,0.07,1
540,67,CXCL10,UBD,CXCL10;UBD,0.09,0
541,67,CXCL10,GBP4,CXCL10;GBP4,-0.02,0
542,67,GBP4,UBE2L6,GBP4;UBE2L6,0.08,0
543,67,GBP4,BATF2,GBP4;BATF2,0.04,0
544,68,CXCL10,UBD,CXCL10;UBD,0.09,1
545,68,CXCL10,GBP4,CXCL10;GBP4,-0.02,1
546,68,GBP4,UBE2L6,GBP4;UBE2L6,0.06,1
547,68,GBP4,BATF2,GBP4;BATF2,0.07,1
548,68,CXCL10,UBD,CXCL10;UBD,0.08,0
549,68,CXCL10,GBP4,CXCL10;GBP4,-0.0,0
550,68,GBP4,UBE2L6,GBP4;UBE2L6,0.08,0
551,68,GBP4,BATF2,GBP4;BATF2,0.04,0
552,69,CXCL10,UBD,CXCL10;UBD,0.09,1
553,69,CXCL10,GBP4,CXCL10;GBP4,-0.03,1
554,69,GBP4,UBE2L6,GBP4;UBE2L6,0.07,1
555,69,GBP4,BATF2,GBP4;BATF2,0.07,1
556,69,CXCL10,UBD,CXCL10;UBD,0.09,0
557,69,CXCL10,GBP4,CXCL10;GBP4,-0.02,0
558,69,GBP4,UBE2L6,GBP4;UBE2L6,0.08,0
559,69,GBP4,BATF2,GBP4;BATF2,0.05,0
560,70,CXCL10,UBD,CXCL10;UBD,0.08,1
561,70,CXCL10,GBP4,CXCL10;GBP4,-0.01,1
562,70,GBP4,UBE2L6,GBP4;UBE2L6,0.06,1
563,70,GBP4,BATF2,GBP4;BATF2,0.07,1
564,70,CXCL10,UBD,CXCL10;UBD,0.09,0
565,70,CXCL10,GBP4,CXCL10;GBP4,-0.01,0
566,70,GBP4,UBE2L6,GBP4;UBE2L6,0.08,0
567,70,GBP4,BATF2,GBP4;BATF2,0.02,0
568,71,CXCL10,UBD,CXCL10;UBD,0.07,1
569,71,CXCL10,GBP4,CXCL10;GBP4,-0.01,1
570,71,GBP4,UBE2L6,GBP4;UBE2L6,0.06,1
571,71,GBP4,BATF2,GBP4;BATF2,0.07,1
572,71,CXCL10,UBD,CXCL10;UBD,0.08,0
573,71,CXCL10,GBP4,CXCL10;GBP4,0.0,0
574,71,GBP4,UBE2L6,GBP4;UBE2L6,0.08,0
575,71,GBP4,BATF2,GBP4;BATF2,0.03,0
576,72,CXCL10,UBD,CXCL10;UBD,0.08,1
577,72,CXCL10,GBP4,CXCL10;GBP4,-0.02,1
578,72,GBP4,UBE2L6,GBP4;UBE2L6,0.06,1
579,72,GBP4,BATF2,GBP4;BATF2,0.07,1
580,72,CXCL10,UBD,CXCL10;UBD,0.09,0
581,72,CXCL10,GBP4,CXCL10;GBP4,-0.02,0
582,72,GBP4,UBE2L6,GBP4;UBE2L6,0.08,0
583,72,GBP4,BATF2,GBP4;BATF2,0.05,0
584,73,CXCL10,UBD,CXCL10;UBD,0.09,1
585,73,CXCL10,GBP4,CXCL10;GBP4,-0.02,1
586,73,GBP4,UBE2L6,GBP4;UBE2L6,0.06,1
587,73,GBP4,BATF2,GBP4;BATF2,0.07,1
588,73,CXCL10,UBD,CXCL10;UBD,0.07,0
589,73,CXCL10,GBP4,CXCL10;GBP4,-0.0,0
590,73,GBP4,UBE2L6,GBP4;UBE2L6,0.08,0
591,73,GBP4,BATF2,GBP4;BATF2,0.02,0
592,74,CXCL10,UBD,CXCL10;UBD,0.08,1
593,74,CXCL10,GBP4,CXCL10;GBP4,-0.02,1
594,74,GBP4,UBE2L6,GBP4;UBE2L6,0.06,1
595,74,GBP4,BATF2,GBP4;BATF2,0.07,1
596,74,CXCL10,UBD,CXCL10;UBD,0.08,0
597,74,CXCL10,GBP4,CXCL10;GBP4,0.0,0
598,74,GBP4,UBE2L6,GBP4;UBE2L6,0.09,0
599,74,GBP4,BATF2,GBP4;BATF2,-0.0,0
600,75,CXCL10,UBD,CXCL10;UBD,0.09,1
601,75,CXCL10,GBP4,CXCL10;GBP4,-0.03,1
602,75,GBP4,UBE2L6,GBP4;UBE2L6,0.07,1
603,75,GBP4,BATF2,GBP4;BATF2,0.07,1
604,75,CXCL10,UBD,CXCL10;UBD,0.1,0
605,75,CXCL10,GBP4,CXCL10;GBP4,-0.02,0
606,75,GBP4,UBE2L6,GBP4;UBE2L6,0.09,0
607,75,GBP4,BATF2,GBP4;BATF2,0.02,0
608,76,CXCL10,UBD,CXCL10;UBD,0.08,1
609,76,CXCL10,GBP4,CXCL10;GBP4,-0.02,1
610,76,GBP4,UBE2L6,GBP4;UBE2L6,0.05,1
611,76,GBP4,BATF2,GBP4;BATF2,0.08,1
612,76,CXCL10,UBD,CXCL10;UBD,0.08,0
613,76,CXCL10,GBP4,CXCL10;GBP4,-0.01,0
614,76,GBP4,UBE2L6,GBP4;UBE2L6,0.08,0
615,76,GBP4,BATF2,GBP4;BATF2,0.03,0
616,77,CXCL10,UBD,CXCL10;UBD,0.08,1
617,77,CXCL10,GBP4,CXCL10;GBP4,-0.02,1
618,77,GBP4,UBE2L6,GBP4;UBE2L6,0.07,1
619,77,GBP4,BATF2,GBP4;BATF2,0.07,1
620,77,CXCL10,UBD,CXCL10;UBD,0.1,0
621,77,CXCL10,GBP4,CXCL10;GBP4,-0.03,0
622,77,GBP4,UBE2L6,GBP4;UBE2L6,0.08,0
623,77,GBP4,BATF2,GBP4;BATF2,0.05,0
624,78,CXCL10,UBD,CXCL10;UBD,0.09,1
625,78,CXCL10,GBP4,CXCL10;GBP4,-0.02,1
626,78,GBP4,UBE2L6,GBP4;UBE2L6,0.07,1
627,78,GBP4,BATF2,GBP4;BATF2,0.07,1
628,78,CXCL10,UBD,CXCL10;UBD,0.1,0
629,78,CXCL10,GBP4,CXCL10;GBP4,-0.03,0
630,78,GBP4,UBE2L6,GBP4;UBE2L6,0.08,0
631,78,GBP4,BATF2,GBP4;BATF2,0.04,0
632,79,CXCL10,UBD,CXCL10;UBD,0.08,1
633,79,CXCL10,GBP4,CXCL10;GBP4,-0.01,1
634,79,GBP4,UBE2L6,GBP4;UBE2L6,0.06,1
635,79,GBP4,BATF2,GBP4;BATF2,0.07,1
636,79,CXCL10,UBD,CXCL10;UBD,0.08,0
637,79,CXCL10,GBP4,CXCL10;GBP4,-0.01,0
638,79,GBP4,UBE2L6,GBP4;UBE2L6,0.08,0
639,79,GBP4,BATF2,GBP4;BATF2,0.04,0
640,80,CXCL10,UBD,CXCL10;UBD,0.09,1
641,80,CXCL10,GBP4,CXCL10;GBP4,-0.02,1
642,80,GBP4,UBE2L6,GBP4;UBE2L6,0.06,1
643,80,GBP4,BATF2,GBP4;BATF2,0.07,1
644,80,CXCL10,UBD,CXCL10;UBD,0.08,0
645,80,CXCL10,GBP4,CXCL10;GBP4,-0.01,0
646,80,GBP4,UBE2L6,GBP4;UBE2L6,0.07,0
647,80,GBP4,BATF2,GBP4;BATF2,0.06,0
648,81,CXCL10,UBD,CXCL10;UBD,0.09,1
649,81,CXCL10,GBP4,CXCL10;GBP4,-0.02,1
650,81,GBP4,UBE2L6,GBP4;UBE2L6,0.06,1
651,81,GBP4,BATF2,GBP4;BATF2,0.07,1
652,81,CXCL10,UBD,CXCL10;UBD,0.08,0
653,81,CXCL10,GBP4,CXCL10;GBP4,-0.02,0
654,81,GBP4,UBE2L6,GBP4;UBE2L6,0.07,0
655,81,GBP4,BATF2,GBP4;BATF2,0.06,0
656,82,CXCL10,UBD,CXCL10;UBD,0.09,1
657,82,CXCL10,GBP4,CXCL10;GBP4,-0.02,1
658,82,GBP4,UBE2L6,GBP4;UBE2L6,0.06,1
659,82,GBP4,BATF2,GBP4;BATF2,0.07,1
660,82,CXCL10,UBD,CXCL10;UBD,0.09,0
661,82,CXCL10,GBP4,CXCL10;GBP4,-0.01,0
662,82,GBP4,UBE2L6,GBP4;UBE2L6,0.08,0
663,82,GBP4,BATF2,GBP4;BATF2,0.02,0
664,83,CXCL10,UBD,CXCL10;UBD,0.08,1
665,83,CXCL10,GBP4,CXCL10;GBP4,-0.02,1
666,83,GBP4,UBE2L6,GBP4;UBE2L6,0.06,1
667,83,GBP4,BATF2,GBP4;BATF2,0.07,1
668,83,CXCL10,UBD,CXCL10;UBD,0.09,0
669,83,CXCL10,GBP4,CXCL10;GBP4,-0.01,0
670,83,GBP4,UBE2L6,GBP4;UBE2L6,0.08,0
671,83,GBP4,BATF2,GBP4;BATF2,0.03,0
672,84,CXCL10,UBD,CXCL10;UBD,0.09,1
673,84,CXCL10,GBP4,CXCL10;GBP4,-0.02,1
674,84,GBP4,UBE2L6,GBP4;UBE2L6,0.04,1
675,84,GBP4,BATF2,GBP4;BATF2,0.08,1
676,84,CXCL10,UBD,CXCL10;UBD,0.08,0
677,84,CXCL10,GBP4,CXCL10;GBP4,-0.0,0
678,84,GBP4,UBE2L6,GBP4;UBE2L6,0.08,0
679,84,GBP4,BATF2,GBP4;BATF2,0.03,0
680,85,CXCL10,UBD,CXCL10;UBD,0.08,1
681,85,CXCL10,GBP4,CXCL10;GBP4,-0.01,1
682,85,GBP4,UBE2L6,GBP4;UBE2L6,0.06,1
683,85,GBP4,BATF2,GBP4;BATF2,0.07,1
684,85,CXCL10,UBD,CXCL10;UBD,0.08,0
685,85,CXCL10,GBP4,CXCL10;GBP4,-0.01,0
686,85,GBP4,UBE2L6,GBP4;UBE2L6,0.08,0
687,85,GBP4,BATF2,GBP4;BATF2,0.05,0
688,86,CXCL10,UBD,CXCL10;UBD,0.08,1
689,86,CXCL10,GBP4,CXCL10;GBP4,-0.02,1
690,86,GBP4,UBE2L6,GBP4;UBE2L6,0.06,1
691,86,GBP4,BATF2,GBP4;BATF2,0.07,1
692,86,CXCL10,UBD,CXCL10;UBD,0.1,0
693,86,CXCL10,GBP4,CXCL10;GBP4,-0.03,0
694,86,GBP4,UBE2L6,GBP4;UBE2L6,0.09,0
695,86,GBP4,BATF2,GBP4;BATF2,0.03,0
696,87,CXCL10,UBD,CXCL10;UBD,0.08,1
697,87,CXCL10,GBP4,CXCL10;GBP4,-0.01,1
698,87,GBP4,UBE2L6,GBP4;UBE2L6,0.04,1
699,87,GBP4,BATF2,GBP4;BATF2,0.08,1
700,87,CXCL10,UBD,CXCL10;UBD,0.08,0
701,87,CXCL10,GBP4,CXCL10;GBP4,-0.01,0
702,87,GBP4,UBE2L6,GBP4;UBE2L6,0.08,0
703,87,GBP4,BATF2,GBP4;BATF2,0.03,0
704,88,CXCL10,UBD,CXCL10;UBD,0.09,1
705,88,CXCL10,GBP4,CXCL10;GBP4,-0.02,1
706,88,GBP4,UBE2L6,GBP4;UBE2L6,0.05,1
707,88,GBP4,BATF2,GBP4;BATF2,0.08,1
708,88,CXCL10,UBD,CXCL10;UBD,0.09,0
709,88,CXCL10,GBP4,CXCL10;GBP4,-0.01,0
710,88,GBP4,UBE2L6,GBP4;UBE2L6,0.08,0
711,88,GBP4,BATF2,GBP4;BATF2,0.03,0
712,89,CXCL10,UBD,CXCL10;UBD,0.07,1
713,89,CXCL10,GBP4,CXCL10;GBP4,-0.01,1
714,89,GBP4,UBE2L6,GBP4;UBE2L6,0.06,1
715,89,GBP4,BATF2,GBP4;BATF2,0.08,1
716,89,CXCL10,UBD,CXCL10;UBD,0.08,0
717,89,CXCL10,GBP4,CXCL10;GBP4,-0.01,0
718,89,GBP4,UBE2L6,GBP4;UBE2L6,0.08,0
719,89,GBP4,BATF2,GBP4;BATF2,0.04,0
720,90,CXCL10,UBD,CXCL10;UBD,0.08,1
721,90,CXCL10,GBP4,CXCL10;GBP4,-0.01,1
722,90,GBP4,UBE2L6,GBP4;UBE2L6,0.05,1
723,90,GBP4,BATF2,GBP4;BATF2,0.08,1
724,90,CXCL10,UBD,CXCL10;UBD,0.09,0
725,90,CXCL10,GBP4,CXCL10;GBP4,-0.02,0
726,90,GBP4,UBE2L6,GBP4;UBE2L6,0.08,0
727,90,GBP4,BATF2,GBP4;BATF2,0.05,0
728,91,CXCL10,UBD,CXCL10;UBD,0.06,1
729,91,CXCL10,GBP4,CXCL10;GBP4,-0.0,1
730,91,GBP4,UBE2L6,GBP4;UBE2L6,0.04,1
731,91,GBP4,BATF2,GBP4;BATF2,0.09,1
732,91,CXCL10,UBD,CXCL10;UBD,0.08,0
733,91,CXCL10,GBP4,CXCL10;GBP4,-0.0,0
734,91,GBP4,UBE2L6,GBP4;UBE2L6,0.08,0
735,91,GBP4,BATF2,GBP4;BATF2,0.02,0
736,92,CXCL10,UBD,CXCL10;UBD,0.09,1
737,92,CXCL10,GBP4,CXCL10;GBP4,-0.02,1
738,92,GBP4,UBE2L6,GBP4;UBE2L6,0.05,1
739,92,GBP4,BATF2,GBP4;BATF2,0.08,1
740,92,CXCL10,UBD,CXCL10;UBD,0.1,0
741,92,CXCL10,GBP4,CXCL10;GBP4,-0.03,0
742,92,GBP4,UBE2L6,GBP4;UBE2L6,0.07,0
743,92,GBP4,BATF2,GBP4;BATF2,0.06,0
744,93,CXCL10,UBD,CXCL10;UBD,0.08,1
745,93,CXCL10,GBP4,CXCL10;GBP4,-0.01,1
746,93,GBP4,UBE2L6,GBP4;UBE2L6,0.06,1
747,93,GBP4,BATF2,GBP4;BATF2,0.07,1
748,93,CXCL10,UBD,CXCL10;UBD,0.08,0
749,93,CXCL10,GBP4,CXCL10;GBP4,-0.01,0
750,93,GBP4,UBE2L6,GBP4;UBE2L6,0.08,0
751,93,GBP4,BATF2,GBP4;BATF2,0.03,0
752,94,CXCL10,UBD,CXCL10;UBD,0.08,1
753,94,CXCL10,GBP4,CXCL10;GBP4,-0.02,1
754,94,GBP4,UBE2L6,GBP4;UBE2L6,0.06,1
755,94,GBP4,BATF2,GBP4;BATF2,0.07,1
756,94,CXCL10,UBD,CXCL10;UBD,0.1,0
757,94,CXCL10,GBP4,CXCL10;GBP4,-0.04,0
758,94,GBP4,UBE2L6,GBP4;UBE2L6,0.07,0
759,94,GBP4,BATF2,GBP4;BATF2,0.06,0
760,95,CXCL10,UBD,CXCL10;UBD,0.08,1
761,95,CXCL10,GBP4,CXCL10;GBP4,-0.01,1
762,95,GBP4,UBE2L6,GBP4;UBE2L6,0.06,1
763,95,GBP4,BATF2,GBP4;BATF2,0.07,1
764,95,CXCL10,UBD,CXCL10;UBD,0.1,0
765,95,CXCL10,GBP4,CXCL10;GBP4,-0.02,0
766,95,GBP4,UBE2L6,GBP4;UBE2L6,0.08,0
767,95,GBP4,BATF2,GBP4;BATF2,0.04,0
768,96,CXCL10,UBD,CXCL10;UBD,0.09,1
769,96,CXCL10,GBP4,CXCL10;GBP4,-0.02,1
770,96,GBP4,UBE2L6,GBP4;UBE2L6,0.06,1
771,96,GBP4,BATF2,GBP4;BATF2,0.07,1
772,96,CXCL10,UBD,CXCL10;UBD,0.09,0
773,96,CXCL10,GBP4,CXCL10;GBP4,-0.02,0
774,96,GBP4,UBE2L6,GBP4;UBE2L6,0.08,0
775,96,GBP4,BATF2,GBP4;BATF2,0.04,0
776,97,CXCL10,UBD,CXCL10;UBD,0.07,1
777,97,CXCL10,GBP4,CXCL10;GBP4,-0.01,1
778,97,GBP4,UBE2L6,GBP4;UBE2L6,0.05,1
779,97,GBP4,BATF2,GBP4;BATF2,0.08,1
780,97,CXCL10,UBD,CXCL10;UBD,0.08,0
781,97,CXCL10,GBP4,CXCL10;GBP4,-0.0,0
782,97,GBP4,UBE2L6,GBP4;UBE2L6,0.08,0
783,97,GBP4,BATF2,GBP4;BATF2,0.04,0
784,98,CXCL10,UBD,CXCL10;UBD,0.07,1
785,98,CXCL10,GBP4,CXCL10;GBP4,-0.01,1
786,98,GBP4,UBE2L6,GBP4;UBE2L6,0.06,1
787,98,GBP4,BATF2,GBP4;BATF2,0.07,1
788,98,CXCL10,UBD,CXCL10;UBD,0.07,0
789,98,CXCL10,GBP4,CXCL10;GBP4,0.0,0
790,98,GBP4,UBE2L6,GBP4;UBE2L6,0.08,0
791,98,GBP4,BATF2,GBP4;BATF2,0.03,0
792,99,CXCL10,UBD,CXCL10;UBD,0.09,1
793,99,CXCL10,GBP4,CXCL10;GBP4,-0.02,1
794,99,GBP4,UBE2L6,GBP4;UBE2L6,0.06,1
795,99,GBP4,BATF2,GBP4;BATF2,0.07,1
796,99,CXCL10,UBD,CXCL10;UBD,0.09,0
797,99,CXCL10,GBP4,CXCL10;GBP4,-0.02,0
798,99,GBP4,UBE2L6,GBP4;UBE2L6,0.07,0
799,99,GBP4,BATF2,GBP4;BATF2,0.05,0
